create table students(
student_id int,
name varchar(7),
grade int,
class int,
gender varchar(1),
primary key(student_id)
);

create table final_test(
student_id int,
kor int,
math int,
eng int,
primary key(student_id)
);

create table middle_test(
student_id int,
kor int,
math int,
eng int,
primary key(student_id)
);
insert into `final_test`(`student_id`,`kor`,`math`,`eng`) values
(10101,100,100,100),
(10102,43,56,50),
(10103,27,26,21),
(10104,42,44,47),
(10105,48,55,53),
(10106,51,54,47),
(10107,85,70,79),
(10108,75,80,79),
(10109,34,33,40),
(10110,45,31,43),
(10111,61,62,65),
(10112,45,45,45),
(10113,78,65,72),
(10114,86,78,61),
(10115,72,67,63),
(10116,77,76,64),
(10117,76,80,69),
(10118,60,52,51),
(10119,70,68,68),
(10120,84,91,81),
(10201,21,40,37),
(10202,79,80,56),
(10203,50,53,53),
(10204,71,66,68),
(10205,51,44,57),
(10206,94,95,88),
(10207,76,70,78),
(10208,70,56,64),
(10209,19,47,51),
(10210,10,63,100),
(10211,33,32,33),
(10212,79,76,75),
(10213,31,37,43),
(10214,26,25,38),
(10215,66,76,66),
(10216,36,29,27),
(10217,91,92,84),
(10218,70,77,86),
(10219,90,95,96),
(10220,43,42,39),
(10301,39,52,64),
(10302,77,85,85),
(10303,76,84,81),
(10304,55,61,61),
(10305,62,69,67),
(10306,67,66,92),
(10307,27,25,22),
(10308,62,61,54),
(10309,83,77,70),
(10310,91,95,79),
(10311,93,90,75),
(10312,90,84,88),
(10313,67,74,75),
(10314,36,40,43),
(10315,42,26,29),
(10316,77,84,87),
(10317,51,64,56),
(10318,68,70,67),
(10319,61,52,51),
(10320,47,52,56),
(10401,46,37,29),
(10402,72,94,94),
(10403,73,84,69),
(10404,55,73,65),
(10405,69,60,61),
(10406,33,21,29),
(10407,53,53,58),
(10408,61,59,60),
(10409,28,48,28),
(10410,59,47,67),
(10411,86,86,72),
(10412,50,50,55),
(10413,80,64,83),
(10414,35,39,36),
(10415,37,47,55),
(10416,69,93,90),
(10417,72,81,79),
(10418,34,35,36),
(10419,77,56,50),
(10420,53,58,33),
(10501,99,83,92),
(10502,42,30,31),
(10503,96,68,93),
(10504,91,96,91),
(10505,53,41,53),
(10506,79,85,84),
(10507,66,59,58),
(10508,38,48,37),
(10509,53,47,55),
(10510,46,32,40),
(10511,66,58,73),
(10512,52,51,59),
(10513,30,43,32),
(10514,27,32,30),
(10515,58,97,65),
(10516,80,72,62),
(10517,49,45,47),
(10518,59,54,50),
(10519,40,40,35),
(10520,84,87,97),
(20101,29,41,30),
(20102,57,64,56),
(20103,46,32,32),
(20104,78,88,93),
(20105,81,68,63),
(20106,80,79,86),
(20107,77,70,69),
(20108,66,67,49),
(20109,39,49,22),
(20110,95,89,95),
(20111,32,43,43),
(20112,62,51,68),
(20113,44,50,53),
(20114,98,68,81),
(20115,65,48,65),
(20116,90,88,97),
(20117,76,76,62),
(20118,51,49,48),
(20119,42,41,44),
(20120,46,37,19),
(20201,52,48,34),
(20202,56,46,49),
(20203,68,54,41),
(20204,90,89,81),
(20205,68,59,73),
(20206,42,49,65),
(20207,93,90,83),
(20208,53,50,54),
(20209,97,99,89),
(20210,50,44,40),
(20211,90,69,87),
(20212,56,54,56),
(20213,88,68,82),
(20214,37,26,40),
(20215,66,54,69),
(20216,38,49,50),
(20217,79,62,74),
(20218,40,36,28),
(20219,92,81,82),
(20220,68,68,68),
(20301,67,67,71),
(20302,32,34,26),
(20303,68,55,61),
(20304,45,37,62),
(20305,35,31,31),
(20306,52,39,47),
(20307,54,64,43),
(20308,66,60,64),
(20309,82,94,79),
(20310,54,49,54),
(20311,94,94,81),
(20312,39,34,38),
(20313,57,50,67),
(20314,43,38,46),
(20315,42,40,40),
(20316,65,67,73),
(20317,46,41,37),
(20318,40,37,31),
(20319,49,56,44),
(20320,34,25,26),
(20401,69,55,63),
(20402,83,71,82),
(20403,67,71,79),
(20404,24,42,38),
(20405,40,26,25),
(20406,44,30,38),
(20407,88,79,73),
(20408,35,35,36),
(20409,42,32,49),
(20410,71,72,88),
(20411,27,34,40),
(20412,38,37,44),
(20413,49,61,53),
(20414,46,66,59),
(20415,39,27,53),
(20416,86,79,81),
(20417,91,76,81),
(20418,88,79,81),
(20419,69,54,57),
(20420,72,100,70),
(20501,31,32,31),
(20502,80,64,91),
(20503,54,31,52),
(20504,58,76,77),
(20505,57,54,54),
(20506,36,31,17),
(20507,78,82,89),
(20508,49,70,68),
(20509,36,22,42),
(20510,81,72,84),
(20511,45,29,41),
(20512,29,33,24),
(20513,42,64,57),
(20514,76,83,70),
(20515,20,29,40),
(20516,55,47,54),
(20517,27,21,35),
(20518,53,53,54),
(20519,42,35,30),
(20520,82,87,87),
(30101,88,94,98),
(30102,52,63,53),
(30103,26,41,36),
(30104,72,71,77),
(30105,81,76,78),
(30106,40,45,42),
(30107,35,31,33),
(30108,49,43,42),
(30109,58,83,84),
(30110,70,67,67),
(30111,64,60,46),
(30112,45,26,43),
(30113,65,59,59),
(30114,47,50,56),
(30115,49,46,54),
(30116,40,40,58),
(30117,22,34,26),
(30118,76,67,80),
(30119,60,78,63),
(30120,67,61,75),
(30201,40,28,33),
(30202,65,63,55),
(30203,77,86,72),
(30204,80,70,90),
(30205,59,58,51),
(30206,41,32,32),
(30207,72,76,79),
(30208,67,73,75),
(30209,67,73,62),
(30210,36,37,56),
(30211,30,41,42),
(30212,72,65,67),
(30213,22,25,40),
(30214,80,80,71),
(30215,74,78,88),
(30216,40,45,38),
(30217,41,26,39),
(30218,62,53,61),
(30219,84,71,79),
(30220,73,78,72),
(30301,78,98,78),
(30302,22,21,33),
(30303,41,21,46),
(30304,32,40,44),
(30305,39,46,44),
(30306,41,29,26),
(30307,37,51,38),
(30308,78,95,83),
(30309,88,88,76),
(30310,46,45,49),
(30311,63,56,57),
(30312,62,87,73),
(30313,66,47,55),
(30314,57,62,52),
(30315,47,42,42),
(30316,48,28,31),
(30317,41,31,28),
(30318,64,63,67),
(30319,70,62,65),
(30320,65,55,48),
(30401,26,41,35),
(30402,89,89,89),
(30403,32,36,37),
(30404,75,67,65),
(30405,51,61,47),
(30406,50,51,66),
(30407,68,71,69),
(30408,46,23,40),
(30409,26,42,48),
(30410,40,28,35),
(30411,28,37,28),
(30412,71,59,76),
(30413,47,48,47),
(30414,84,58,65),
(30415,59,82,53),
(30416,27,43,39),
(30417,55,67,68),
(30418,32,21,33),
(30419,65,77,75),
(30420,61,46,44),
(30501,41,41,34),
(30502,46,26,31),
(30503,76,69,82),
(30504,52,57,65),
(30505,85,91,85),
(30506,26,27,43),
(30507,79,78,85),
(30508,89,87,96),
(30509,96,82,84),
(30510,34,25,33),
(30511,45,53,38),
(30512,63,66,63),
(30513,36,38,36),
(30514,41,37,30),
(30515,92,74,81),
(30516,81,74,80),
(30517,48,52,56),
(30518,46,56,42),
(30519,63,63,58),
(30520,73,66,82);

insert into `middle_test`(`student_id`,`kor`,`math`,`eng`) values
(10101,100,100,100),
(10102,49,50,38),
(10103,96,96,93),
(10104,32,41,38),
(10105,55,53,61),
(10106,79,64,59),
(10107,91,85,82),
(10108,33,36,43),
(10109,65,56,83),
(10110,86,85,88),
(10111,53,44,37),
(10112,61,57,52),
(10113,76,94,80),
(10114,51,51,52),
(10115,40,18,35),
(10116,70,63,58),
(10117,52,65,50),
(10118,47,40,46),
(10119,44,20,18),
(10120,91,87,81),
(10201,54,37,38),
(10202,24,34,46),
(10203,47,52,32),
(10204,42,69,49),
(10205,39,44,49),
(10206,75,66,63),
(10207,57,64,55),
(10208,42,36,43),
(10209,52,51,57),
(10210,10,60,100),
(10211,60,64,50),
(10212,35,38,25),
(10213,54,55,47),
(10214,61,53,60),
(10215,68,74,72),
(10216,14,24,26),
(10217,49,75,65),
(10218,31,35,40),
(10219,63,79,83),
(10220,88,84,81),
(10301,94,82,78),
(10302,43,29,32),
(10303,20,41,22),
(10304,40,42,45),
(10305,60,43,41),
(10306,58,45,55),
(10307,57,52,56),
(10308,83,89,70),
(10309,43,56,54),
(10310,70,63,65),
(10311,52,50,55),
(10312,55,63,42),
(10313,44,71,70),
(10314,51,53,77),
(10315,100,100,98),
(10316,82,82,73),
(10317,58,68,66),
(10318,67,66,80),
(10319,50,49,55),
(10320,79,79,64),
(10401,39,50,50),
(10402,36,45,45),
(10403,74,73,68),
(10404,66,72,65),
(10405,78,82,81),
(10406,38,38,48),
(10407,48,51,55),
(10408,56,66,60),
(10409,50,48,43),
(10410,47,47,36),
(10411,38,20,30),
(10412,50,40,44),
(10413,93,90,91),
(10414,39,42,9),
(10415,78,70,75),
(10416,36,39,33),
(10417,64,89,67),
(10418,49,45,40),
(10419,91,77,84),
(10420,43,36,42),
(10501,57,59,51),
(10502,43,48,57),
(10503,48,49,43),
(10504,12,96,21),
(10505,49,50,66),
(10506,66,63,57),
(10507,68,68,70),
(10508,42,51,52),
(10509,97,89,97),
(10510,90,88,85),
(10511,91,98,88),
(10512,51,55,49),
(10513,65,62,52),
(10514,33,34,37),
(10515,84,83,64),
(10516,76,70,68),
(10517,58,42,55),
(10518,76,71,85),
(10519,82,72,75),
(10520,67,75,73),
(20101,67,65,65),
(20102,46,47,50),
(20103,49,48,51),
(20104,48,44,51),
(20105,47,48,45),
(20106,63,58,66),
(20107,62,61,69),
(20108,58,76,65),
(20109,55,47,56),
(20110,81,64,89),
(20111,22,39,37),
(20112,85,85,89),
(20113,57,59,66),
(20114,49,44,46),
(20115,89,95,96),
(20116,48,43,42),
(20117,48,67,60),
(20118,61,62,58),
(20119,48,37,45),
(20120,73,97,72),
(20201,40,37,43),
(20202,36,46,37),
(20203,58,56,62),
(20204,42,50,41),
(20205,45,67,47),
(20206,53,63,49),
(20207,65,44,58),
(20208,32,50,49),
(20209,77,83,72),
(20210,34,32,36),
(20211,85,81,88),
(20212,36,31,37),
(20213,55,35,35),
(20214,84,93,93),
(20215,65,65,70),
(20216,45,34,27),
(20217,79,67,75),
(20218,71,72,74),
(20219,61,58,75),
(20220,64,72,75),
(20301,67,83,76),
(20302,45,39,36),
(20303,98,84,68),
(20304,85,80,80),
(20305,64,76,72),
(20306,76,69,61),
(20307,63,59,64),
(20308,87,88,85),
(20309,34,30,36),
(20310,92,86,86),
(20311,60,66,75),
(20312,66,64,59),
(20313,45,38,29),
(20314,40,26,43),
(20315,63,61,63),
(20316,85,86,74),
(20317,38,36,41),
(20318,62,82,84),
(20319,76,73,53),
(20320,75,83,72),
(20401,42,57,45),
(20402,58,56,48),
(20403,75,75,68),
(20404,58,67,60),
(20405,82,69,68),
(20406,46,65,55),
(20407,56,54,62),
(20408,77,73,73),
(20409,19,11,43),
(20410,24,28,35),
(20411,44,55,35),
(20412,50,50,53),
(20413,45,40,43),
(20414,50,42,42),
(20415,57,59,58),
(20416,50,60,62),
(20417,47,70,64),
(20418,57,57,67),
(20419,60,63,67),
(20420,74,77,81),
(20501,71,67,80),
(20502,60,76,53),
(20503,97,74,75),
(20504,68,46,70),
(20505,51,50,54),
(20506,37,34,22),
(20507,56,39,46),
(20508,63,50,72),
(20509,47,37,33),
(20510,53,66,71),
(20511,38,29,36),
(20512,30,38,32),
(20513,53,36,52),
(20514,57,60,44),
(20515,35,35,39),
(20516,36,37,32),
(20517,36,18,36),
(20518,32,33,32),
(20519,39,41,46),
(20520,55,51,52),
(30101,72,71,68),
(30102,22,32,40),
(30103,64,69,58),
(30104,89,76,79),
(30105,69,86,80),
(30106,50,57,41),
(30107,52,40,55),
(30108,58,62,49),
(30109,81,62,66),
(30110,61,60,47),
(30111,69,71,82),
(30112,21,23,25),
(30113,38,48,44),
(30114,77,72,85),
(30115,46,45,41),
(30116,78,71,75),
(30117,71,69,78),
(30118,58,66,57),
(30119,49,47,41),
(30120,55,67,51),
(30201,30,43,14),
(30202,37,49,46),
(30203,40,36,52),
(30204,56,62,60),
(30205,79,90,84),
(30206,47,55,57),
(30207,55,53,62),
(30208,57,63,60),
(30209,45,34,52),
(30210,45,47,35),
(30211,27,35,14),
(30212,39,51,31),
(30213,56,65,62),
(30214,65,63,65),
(30215,62,69,63),
(30216,54,53,58),
(30217,49,44,47),
(30218,77,78,63),
(30219,65,70,66),
(30220,26,35,14),
(30301,64,53,51),
(30302,85,91,82),
(30303,41,46,41),
(30304,35,22,22),
(30305,41,72,74),
(30306,56,55,70),
(30307,33,36,45),
(30308,27,34,22),
(30309,64,58,61),
(30310,81,69,77),
(30311,77,74,65),
(30312,43,40,24),
(30313,38,22,27),
(30314,89,92,91),
(30315,65,86,73),
(30316,25,39,13),
(30317,63,62,62),
(30318,43,44,59),
(30319,90,95,90),
(30320,76,54,66),
(30401,48,50,51),
(30402,42,47,42),
(30403,90,96,87),
(30404,77,77,87),
(30405,66,68,72),
(30406,77,84,69),
(30407,69,56,56),
(30408,84,79,81),
(30409,68,72,75),
(30410,68,45,53),
(30411,84,95,94),
(30412,81,82,87),
(30413,71,82,81),
(30414,67,81,78),
(30415,47,46,34),
(30416,52,69,59),
(30417,46,52,62),
(30418,15,40,19),
(30419,31,29,47),
(30420,76,74,64),
(30501,47,46,46),
(30502,27,42,43),
(30503,82,84,75),
(30504,42,30,36),
(30505,61,57,64),
(30506,38,30,41),
(30507,51,46,52),
(30508,42,31,22),
(30509,58,49,58),
(30510,40,39,43),
(30511,65,51,62),
(30512,80,65,77),
(30513,66,58,66),
(30514,18,39,40),
(30515,53,41,57),
(30516,90,89,85),
(30517,73,60,69),
(30518,22,22,41),
(30519,88,75,73),
(30520,30,23,29);

insert into `students`(`student_id`,`name`,`grade`,`class`,`gender`) values 
(10101,'김재원',1,1,'M'),
(10102,'도서아',1,1,'F'),
(10103,'마성현',1,1,'M'),
(10104,'방윤성',1,1,'M'),
(10105,'방지연',1,1,'F'),
(10106,'배준호',1,1,'M'),
(10107,'소지성',1,1,'M'),
(10108,'손예서',1,1,'F'),
(10109,'양현수',1,1,'M'),
(10110,'엄은성',1,1,'M'),
(10111,'옥다연',1,1,'F'),
(10112,'옥지안',1,1,'F'),
(10113,'왕민서',1,1,'F'),
(10114,'위다인',1,1,'F'),
(10115,'유가은',1,1,'F'),
(10116,'윤도훈',1,1,'M'),
(10117,'제하린',1,1,'F'),
(10118,'조유빈',1,1,'F'),
(10119,'천도현',1,1,'M'),
(10120,'추은찬',1,1,'M'),
(10201,'곽서우',1,2,'F'),
(10202,'김율',1,2,'M'),
(10203,'노수현',1,2,'F'),
(10204,'소승준',1,2,'M'),
(10205,'안승아',1,2,'F'),
(10206,'안유나',1,2,'F'),
(10207,'양지원',1,2,'M'),
(10208,'용서은',1,2,'F'),

(10209,'우예나',1,2,'F'),
(10210,'유준배',1,2,'M'),
(10211,'육세은',1,2,'F'),
(10212,'은지원',1,2,'F'),
(10213,'장수민',1,2,'F'),
(10214,'진민규',1,2,'M'),
(10215,'천승민',1,2,'M'),
(10216,'편현서',1,2,'M'),
(10217,'허소민',1,2,'F'),
(10218,'허은성',1,2,'M'),
(10219,'황도윤',1,2,'M'),
(10220,'황승준',1,2,'M'),
(10301,'강세은',1,3,'F'),
(10302,'강정민',1,3,'M'),
(10303,'공현서',1,3,'F'),
(10304,'석지유',1,3,'F'),
(10305,'선서준',1,3,'M'),
(10306,'성서우',1,3,'F'),
(10307,'어아영',1,3,'F'),
(10308,'여도현',1,3,'M'),
(10309,'여지윤',1,3,'F'),
(10310,'연태현',1,3,'M'),
(10311,'염유정',1,3,'F'),
(10312,'임소율',1,3,'F'),
(10313,'임연서',1,3,'F'),
(10314,'장동현',1,3,'M'),
(10315,'장석준',1,3,'M'),
(10316,'장유찬',1,3,'M'),
(10317,'진도윤',1,3,'M'),
(10318,'진채은',1,3,'F'),
(10319,'하연우',1,3,'M'),
(10320,'현민혁',1,3,'M'),
(10401,'김태희',1,4,'F'),
(10402,'나소연',1,4,'F'),
(10403,'남지원',1,4,'M'),
(10404,'마하율',1,4,'M'),
(10405,'변시온',1,4,'M'),
(10406,'안서우',1,4,'F'),
(10407,'양나연',1,4,'F'),
(10408,'양재윤',1,4,'M'),
(10409,'오민서',1,4,'F'),
(10410,'용태윤',1,4,'M'),
(10411,'용현우',1,4,'M'),
(10412,'원민찬',1,4,'M'),
(10413,'유하은',1,4,'F'),
(10414,'임유정',1,4,'F'),
(10415,'임재현',1,4,'M'),
(10416,'장강민',1,4,'M'),
(10417,'주시연',1,4,'F'),
(10418,'차서하',1,4,'F'),
(10419,'함예빈',1,4,'F'),
(10420,'황준',1,4,'M'),
(10501,'권하윤',1,5,'F'),
(10502,'기민호',1,5,'M'),
(10503,'기윤호',1,5,'M'),
(10504,'김경민',1,5,'M'),
(10505,'나소민',1,5,'F'),
(10506,'모수빈',1,5,'F'),
(10507,'문은성',1,5,'M'),
(10508,'반민채',1,5,'F'),
(10509,'손유준',1,5,'M'),
(10510,'옥지후',1,5,'M'),
(10511,'우수현',1,5,'M'),
(10512,'유예나',1,5,'F'),
(10513,'은승우',1,5,'M'),
(10514,'전지안',1,5,'M'),
(10515,'제지우',1,5,'F'),
(10516,'조유주',1,5,'F'),
(10517,'지우진',1,5,'M'),
(10518,'차지현',1,5,'F'),
(10519,'하유나',1,5,'F'),
(10520,'홍현서',1,5,'F'),
(20101,'강승현',2,1,'M'),
(20102,'고예찬',2,1,'M'),
(20103,'권다윤',2,1,'F'),
(20104,'길태현',2,1,'M'),
(20105,'남소연',2,1,'F'),
(20106,'노은서',2,1,'F'),
(20107,'맹예서',2,1,'F'),
(20108,'선지훈',2,1,'M'),
(20109,'심소율',2,1,'F'),
(20110,'양예빈',2,1,'F'),
(20111,'왕소은',2,1,'F'),
(20112,'윤지아',2,1,'F'),
(20113,'정민혁',2,1,'M'),
(20114,'정시윤',2,1,'M'),
(20115,'제준우',2,1,'M'),
(20116,'채시연',2,1,'F'),
(20117,'최건우',2,1,'M'),
(20118,'현지성',2,1,'M'),
(20119,'홍예림',2,1,'F'),
(20120,'홍은우',2,1,'M'),
(20201,'공예준',2,2,'M'),
(20202,'구민우',2,2,'M'),
(20203,'권도윤',2,2,'M'),
(20204,'기시원',2,2,'M'),
(20205,'나은호',2,2,'M'),
(20206,'노재민',2,2,'M'),
(20207,'마수현',2,2,'F'),
(20208,'백재현',2,2,'M'),
(20209,'소가은',2,2,'F'),
(20210,'신지은',2,2,'F'),
(20211,'용유정',2,2,'F'),
(20212,'인연서',2,2,'F'),
(20213,'정나윤',2,2,'F'),
(20214,'조세은',2,2,'F'),
(20215,'주지율',2,2,'F'),
(20216,'진지원',2,2,'M'),
(20217,'차준서',2,2,'M'),
(20218,'표윤우',2,2,'M'),
(20219,'허지연',2,2,'F'),
(20220,'현서윤',2,2,'F'),
(20301,'곽서은',2,3,'F'),
(20302,'구예찬',2,3,'M'),
(20303,'기서희',2,3,'F'),
(20304,'남혜원',2,3,'F'),
(20305,'방수호',2,3,'M'),
(20306,'방현수',2,3,'M'),
(20307,'백지원',2,3,'F'),
(20308,'석서현',2,3,'F'),
(20309,'양승준',2,3,'M'),
(20310,'연시현',2,3,'F'),
(20311,'오채아',2,3,'F'),
(20312,'유승호',2,3,'M'),
(20313,'유예성',2,3,'M'),
(20314,'유지원',2,3,'F'),
(20315,'윤규리',2,3,'F'),
(20316,'윤지환',2,3,'M'),
(20317,'전수현',2,3,'M'),
(20318,'조승준',2,3,'M'),
(20319,'주유정',2,3,'F'),
(20320,'편윤호',2,3,'M'),
(20401,'곽성준',2,4,'M'),
(20402,'나승호',2,4,'M'),
(20403,'남시원',2,4,'M'),
(20404,'배지호',2,4,'M'),
(20405,'백민석',2,4,'M'),
(20406,'변수연',2,4,'F'),
(20407,'선서우',2,4,'F'),
(20408,'성현준',2,4,'M'),
(20409,'소채린',2,4,'F'),
(20410,'송태희',2,4,'F'),
(20411,'신재윤',2,4,'M'),
(20412,'신태희',2,4,'F'),
(20413,'엄수현',2,4,'M'),
(20414,'오시은',2,4,'F'),
(20415,'옥정민',2,4,'M'),
(20416,'옥채아',2,4,'F'),
(20417,'장승현',2,4,'M'),
(20418,'주시은',2,4,'F'),
(20419,'진수민',2,4,'F'),
(20420,'홍승아',2,4,'F'),
(20501,'곽승아',2,5,'F'),
(20502,'구현준',2,5,'M'),
(20503,'국소은',2,5,'F'),
(20504,'나서우',2,5,'M'),
(20505,'남사랑',2,5,'F'),
(20506,'반다연',2,5,'F'),
(20507,'반서준',2,5,'M'),
(20508,'방예빈',2,5,'F'),
(20509,'방재윤',2,5,'M'),
(20510,'석준혁',2,5,'M'),
(20511,'설예찬',2,5,'M'),
(20512,'성지현',2,5,'F'),
(20513,'송유나',2,5,'F'),
(20514,'엄예지',2,5,'F'),
(20515,'임연서',2,5,'F'),
(20516,'임현수',2,5,'M'),
(20517,'조강민',2,5,'M'),
(20518,'지서우',2,5,'M'),
(20519,'표아윤',2,5,'F'),
(20520,'홍규민',2,5,'M'),
(30101,'구민규',3,1,'M'),
(30102,'권연우',3,1,'F'),
(30103,'마하율',3,1,'F'),
(30104,'맹하준',3,1,'M'),
(30105,'박지율',3,1,'M'),
(30106,'방민채',3,1,'F'),
(30107,'소지완',3,1,'M'),
(30108,'신한결',3,1,'M'),
(30109,'염사랑',3,1,'F'),
(30110,'위준영',3,1,'M'),
(30111,'유서진',3,1,'M'),
(30112,'인도현',3,1,'M'),
(30113,'전유빈',3,1,'F'),
(30114,'제유정',3,1,'F'),
(30115,'조서율',3,1,'F'),
(30116,'조지민',3,1,'M'),
(30117,'주지민',3,1,'F'),
(30118,'지윤지',3,1,'F'),
(30119,'탁규민',3,1,'M'),
(30120,'황지연',3,1,'F'),
(30201,'고규리',3,2,'F'),
(30202,'권하연',3,2,'F'),
(30203,'금예준',3,2,'M'),
(30204,'길도현',3,2,'M'),
(30205,'길민우',3,2,'M'),
(30206,'마준혁',3,2,'M'),
(30207,'방하준',3,2,'M'),
(30208,'양시현',3,2,'M'),
(30209,'옥윤성',3,2,'M'),
(30210,'임율',3,2,'M'),
(30211,'장서은',3,2,'F'),
(30212,'정연서',3,2,'F'),
(30213,'조지원',3,2,'M'),
(30214,'진소율',3,2,'F'),
(30215,'채수현',3,2,'F'),
(30216,'탁다윤',3,2,'F'),
(30217,'탁소율',3,2,'F'),
(30218,'편규민',3,2,'M'),
(30219,'표예지',3,2,'F'),
(30220,'하지민',3,2,'F'),
(30301,'구민찬',3,3,'M'),
(30302,'국소은',3,3,'F'),
(30303,'김태민',3,3,'M'),
(30304,'문다인',3,3,'F'),
(30305,'문채린',3,3,'F'),
(30306,'방준영',3,3,'M'),
(30307,'서민서',3,3,'F'),
(30308,'설선우',3,3,'M'),
(30309,'신지율',3,3,'F'),
(30310,'심승아',3,3,'F'),
(30311,'양민찬',3,3,'M'),
(30312,'어준희',3,3,'M'),
(30313,'어지원',3,3,'F'),
(30314,'연우진',3,3,'M'),
(30315,'염지수',3,3,'F'),
(30316,'우유빈',3,3,'F'),
(30317,'정수현',3,3,'M'),
(30318,'주태윤',3,3,'M'),
(30319,'천윤지',3,3,'F'),
(30320,'탁성준',3,3,'M'),
(30401,'강지안',3,4,'M'),
(30402,'구수호',3,4,'M'),
(30403,'김소율',3,4,'F'),
(30404,'류나윤',3,4,'F'),
(30405,'맹규리',3,4,'F'),
(30406,'변이준',3,4,'M'),
(30407,'손준희',3,4,'M'),
(30408,'신하연',3,4,'F'),
(30409,'양도현',3,4,'M'),
(30410,'양채아',3,4,'F'),
(30411,'어수호',3,4,'M'),
(30412,'우우진',3,4,'M'),
(30413,'육하윤',3,4,'F'),
(30414,'윤예나',3,4,'F'),
(30415,'제예서',3,4,'F'),
(30416,'주시연',3,4,'F'),
(30417,'차소은',3,4,'F'),
(30418,'채은호',3,4,'M'),
(30419,'함재윤',3,4,'M'),
(30420,'현태현',3,4,'M'),
(30501,'강현수',3,5,'M'),
(30502,'고지성',3,5,'M'),
(30503,'곽채린',3,5,'F'),
(30504,'구민혁',3,5,'M'),
(30505,'노하율',3,5,'F'),
(30506,'도지환',3,5,'M'),
(30507,'방은우',3,5,'M'),
(30508,'방하율',3,5,'F'),
(30509,'배준서',3,5,'M'),
(30510,'설서현',3,5,'F'),
(30511,'여수아',3,5,'F'),
(30512,'연우빈',3,5,'M'),
(30513,'은한결',3,5,'M'),
(30514,'전승준',3,5,'M'),
(30515,'조다연',3,5,'F'),
(30516,'진다연',3,5,'F'),
(30517,'채채윤',3,5,'F'),
(30518,'허사랑',3,5,'F'),
(30519,'허유빈',3,5,'F'),
(30520,'황미원',3,5,'M');

